<?xml version="1.0" encoding="UTF-8"?>
<project-private xmlns="http://www.netbeans.org/ns/project-private/1">
    <editor-bookmarks xmlns="http://www.netbeans.org/ns/editor-bookmarks/2" lastBookmarkId="0"/>
    <open-files xmlns="http://www.netbeans.org/ns/projectui-open-files/2">
        <group>
            <file>file:/C:/Users/Go/Desktop/Gra-telematyka/src/Memo/Memo.java</file>
            <file>file:/C:/Users/Go/Desktop/Gra-telematyka/src/labirynt/Labirynt.java</file>
            <file>file:/C:/Users/Go/Desktop/Gra-telematyka/src/gra/telematyka/OknoImie.java</file>
            <file>file:/C:/Users/Go/Desktop/Gra-telematyka/src/Memo/Memo2.java</file>
            <file>file:/C:/Users/Go/Desktop/Gra-telematyka/src/gra/telematyka/GraTelematyka.java</file>
            <file>file:/C:/Users/Go/Desktop/Gra-telematyka/src/gra/telematyka/OknoImieMemo.java</file>
            <file>file:/C:/Users/Go/Desktop/Gra-telematyka/src/gra/telematyka/OknoGlowne.java</file>
        </group>
    </open-files>
</project-private>
